Label; Unit; Total; Avg; Hits; Max; Min
"SELECT * FROM accounts WHERE name = ?"; ms; 12.865204; 4.288401333333334; 3; 6.214264; 0.82604
"INSERT INTO accounts (balance, name) VALUES (0.00, ?)"; ms; 9.200925999999999; 3.066975333333333; 3; 4.50181; 0.288581
"SELECT * FROM accounts"; ms; 7.078997499999999; 1.7697493749999997; 4; 3.704296; 0.548713
"UPDATE accounts SET name = ? WHERE number = ?"; ms; 3.512856; 1.170952; 3; 1.669389; 0.457898
"SELECT balance, name FROM accounts where number = ?"; ms; 1.054156; 0.3513853333333334; 3; 0.592107; 0.199872
"CREATE TABLE accounts (number INTEGER IDENTITY PRIMARY KEY, balance DECIMAL(10,2), name VARCHAR(50))"; ms; 0.9754849999999999; 0.48774249999999997; 2; 0.534314; 0.441171
